restaurent_id,restaurent_name,quantity,unit,product,corrections ,date,original text,need_attention,Message
1,Spice Merchant,3,Bag,Onion,,03/11/2025,,,
1,Spice Merchant,1,Box,Tomato,Product corrected from 'Tom' to 'Tomato',03/11/2025,,,
1,Spice Merchant,1,Bag,Coriander,Product corrected from 'donia' to 'Coriander',03/11/2025,,,
1,Spice Merchant,1,Bag,Potato,,03/11/2025,,,
2,My Test Restaurant,2,Box,Tomato,Product corrected from 'Tom' to 'Tomato',03/11/2025,,,
2,My Test Restaurant,1,bg,onion,,03/11/2025,,,
2,My Test Restaurant,1,bg,onion,,03/11/2025,,,
2,My Test Restaurant,2,bx,Tom,,03/11/2025,,,
2,My Test Restaurant,1,bg,onion,,03/11/2025,,,
2,My Test Restaurant,2,bx,Tom,,03/11/2025,,,
2,My Test Restaurant,1,bg,onion,,03/11/2025,,,
2,My Test Restaurant,2,bx,Tom,,03/11/2025,,,
----------,,,,,,03/11/2025,,,
2,My Test Restaurant,2,bg,Onion,,03/11/2025,,,
2,My Test Restaurant,2,bx,Tomato,Product corrected from 'Tom' to 'Tomato',03/11/2025,,,
------------------,,,,,,03/11/2025,,,
1,Spice Merchant,12,Piece,Apple,Product corrected from 'PEPPER-12p' to 'Apple',03/11/2025,,,
1,Spice Merchant,1,Box,Tomato,,03/11/2025,,,
1,Spice Merchant,5,Kilogram,Carrot,,03/11/2025,,,
1,Spice Merchant,2,Kilogram,Lettuce,Product corrected from 'COURGETTES-2kg' to 'Lettuce',03/11/2025,,,
1,Spice Merchant,12,Piece,Pear,Product corrected from 'PEPPER-12p' to 'Pear',03/11/2025,,,
1,Spice Merchant,1,Box,Tomato,,03/11/2025,,,
1,Spice Merchant,5,Kilogram,Carrot,,03/11/2025,,,
1,Spice Merchant,2,Kilogram,Courgettes,,03/11/2025,,,
1,Spice Merchant,12,Piece,Pear,Product corrected from 'PEPPER-12p' to 'Pear',03/11/2025,,,
1,Spice Merchant,12,Piece,Pear,Product corrected from 'PEPPER-12p' to 'Pear',03/11/2025,,,
1,Spice Merchant,0,Box,Coriander,,03/11/2025,,,
1,Spice Merchant,0,Box,Coriander,Product corrected from 'Coriande' to 'Coriander',03/11/2025,,,
-----,,,,,,03/11/2025,,,
1,Spice Merchant,0.5,Box,Coriander,,03/11/2025,,,
1,Spice Merchant,7,Box,Tomato,Product corrected from 'Tom' to 'Tomato',03/11/2025,,,
1,Spice Merchant,7,Box,Tomato beef,Product corrected from 'Tom']' to 'Tomato beef',03/11/2025,,,
-------------,,,,,,03/11/2025,,,
1,Spice Merchant,7,Box,Tomato,,03/11/2025,,,
1,Spice Merchant,3,Bag,Onion,,03/11/2025,,,
1,Spice Merchant,1,Box,Cabbage,,03/11/2025,,,
1,Spice Merchant,0.5,Box,Pepper (Green + Red) Large,Product corrected from 'Pepper' to 'Pepper (Green + Red) Large',03/11/2025,,,
1,Spice Merchant,12,Box,Orange,,04/11/2025,,,
1,Spice Merchant,5,Box,Lemon,,04/11/2025,,,
1,Spice Merchant,0.5,Kilogram,Green Chilli,Product corrected from 'Chilli' to 'Green Chilli',04/11/2025,,,
1,Spice Merchant,0.5,Box,Coriander,,04/11/2025,,,
1,Spice Merchant,1,Box,Potato 4 kg,Product corrected from 'Potato' to 'Potato 4 kg',04/11/2025,,,
1,Spice Merchant,1,Bag,Garlic,,04/11/2025,,,
1,Spice Merchant,1,Box,Ginger,,04/11/2025,,,
1,Spice Merchant,1,Bag,Onion,,04/11/2025,,,
1,Spice Merchant,5,Box,Cucumber,,04/11/2025,,,
1,Spice Merchant,1,Box,Bionda Lettuce,Product corrected from 'Lettuce' to 'Bionda Lettuce',04/11/2025,,,
1,Spice Merchant,3,Bag,Aubargine,,04/11/2025,,,
1,Spice Merchant,1,Box,Tomato,,04/11/2025,,,
1,Spice Merchant,2,Bag,Mushroom Button,Product corrected from 'Mushroom' to 'Mushroom Button',04/11/2025,,,
1,Spice Merchant,5,Bag,Carrot,,04/11/2025,,,
1,Spice Merchant,2,Box,Courgettes,,04/11/2025,,,
-----------,,,,,,04/11/2025,,,
,,,,,,04/11/2025,,,
1,Spice Merchant,4,Bag,Onion,,04/11/2025,,,
1,Spice Merchant,1,Box,Potato 4 kg,Product corrected from 'Potato' to 'Potato 4 kg',04/11/2025,,,
1,Spice Merchant,1,Box,Tomato,,04/11/2025,,,
1,Spice Merchant,4,Box,Chutney Cup,Product corrected from 'Cup' to 'Chutney Cup',04/11/2025,,,
1,Spice Merchant,1,Box,Mix Salad,Product corrected from 'Salad' to 'Mix Salad',04/11/2025,,,
1,Spice Merchant,1.5,Box,Cos lettuce,Product corrected from 'Lettuce' to 'Cos lettuce',04/11/2025,,,
1,Spice Merchant,4,Box,Aubargine,Product corrected from 'Brinjol' to 'Aubargine',04/11/2025,,,
1,Spice Merchant,6,Box,flour,Product corrected from 'Flawr' to 'flour',04/11/2025,,,
1,Spice Merchant,1,Box,Cabbage,,04/11/2025,,,
1,Spice Merchant,1,Box,Orange jucing,Product corrected from 'Cling' to 'Orange jucing',04/11/2025,,,
1,Spice Merchant,10,piece,Lime,,04/11/2025,,,
1,Spice Merchant,1,Box,Mix Salad,Product corrected from 'Mix' to 'Mix Salad',04/11/2025,,,
1,Spice Merchant,0.5,Box,Carrot,,04/11/2025,,,
1,Spice Merchant,1,Kilogram,Green Chilli,Product corrected from 'Chilli' to 'Green Chilli',04/11/2025,,,
1,Spice Merchant,40,Box,Lemon,,04/11/2025,,,
1,Spice Merchant,1,Box,Garlic (Chinese),Product corrected from 'Genzar' to 'Garlic (Chinese)',04/11/2025,,,
--------,,,,,,04/11/2025,,,
,,,,,,04/11/2025,,,
1,Spice Merchant,2,piece,Pepper (Green + Red) Large,Product corrected from 'Pepper' to 'Pepper (Green + Red) Large',04/11/2025,,,
1,Spice Merchant,2,piece,Pepper (Green + Red) Large,Product corrected from 'Pepper' to 'Pepper (Green + Red) Large',05/11/2025,,,
------------------------------,,,,,,05/11/2025,,,
1,Spice Merchant,1,Box,Cabbage,,05/11/2025,,,
1,Spice Merchant,12,Box,Orange,,05/11/2025,,,
1,Spice Merchant,5,Box,Lemon,,05/11/2025,,,
1,Spice Merchant,0.5,Box,Coriander,,05/11/2025,,,
1,Spice Merchant,1,Box,Potato 4 kg,Product corrected from 'Potato' to 'Potato 4 kg',05/11/2025,,,
1,Spice Merchant,1,Bag,Garlic,,05/11/2025,,,
1,Spice Merchant,1,Box,Ginger,,05/11/2025,,,
1,Spice Merchant,6,Bag,Onion,,05/11/2025,,,
1,Spice Merchant,5,Box,Cucumber,,05/11/2025,,,
1,Spice Merchant,1,piece,Cos lettuce,Product corrected from 'Lettuce' to 'Cos lettuce',05/11/2025,,,
1,Spice Merchant,3,Bag,Aubargine,Product corrected from 'Aubergine' to 'Aubargine',05/11/2025,,,
1,Spice Merchant,1,Box,Tomato,,05/11/2025,,,
1,Spice Merchant,2,Box,Mushroom Button,Product corrected from 'Mushroom' to 'Mushroom Button',05/11/2025,,,
1,Spice Merchant,5,Kilogram,Carrot,,05/11/2025,,,
1,Spice Merchant,2,Kilogram,Courgettes,,05/11/2025,,,
1,Spice Merchant,2,Piece,Pear,Product corrected from 'Redpepper' to 'Pear',05/11/2025,,,
2,My Test Restaurant,2,Box,Pepper (Green + Red) Large,Product corrected from 'Pepper' to 'Pepper (Green + Red) Large',05/11/2025,,,
------------,,,,,,05/11/2025,,,
1,Spice Merchant,2,Piece,Pepper (Green + Red) Large,Product corrected from 'Pepper' to 'Pepper (Green + Red) Large',05/11/2025,,,
1,Spice Merchant,2,Piece,Apple red,Product corrected from 'Red' to 'Apple red',05/11/2025,,,
1,Spice Merchant,2,Piece,Pepper Red,Product corrected from '2p Red Pepper' to 'Pepper Red',05/11/2025,,,
1,Spice Merchant,2,Bag,Onion,,05/11/2025,,,
1,Spice Merchant,2,Box,Green Chilli,,05/11/2025,,,
-----------------------------,,,,,,05/11/2025,,,
,,,,,,05/11/2025,,,
1,Spice Merchant,2,Bag,Pepper Red,Product corrected from '2bg Red Pepper' to 'Pepper Red',05/11/2025,,,
1,Spice Merchant,3,Kilogram,Green Chilli,,05/11/2025,,,
1,Spice Merchant,1,Box,Rice,Product corrected from '1bx Ice Cream' to 'Rice',05/11/2025,,,
1,Spice Merchant,5,Piece,Onion,,05/11/2025,,,
1,Spice Merchant,4,Bag,Potato Sweet,Product corrected from '4bg Sweet Potato' to 'Potato Sweet',05/11/2025,,,
1,Spice Merchant,5,Piece,Onion,,05/11/2025,,,
1,Spice Merchant,5,Piece,Onion,,05/11/2025,,,
1,Spice Merchant,5,Piece,Onion,,05/11/2025,,,
1,Spice Merchant,5,Piece,Iceberg Lettuce,,05/11/2025,,,
1,Spice Merchant,5,Piece,Onion,,05/11/2025,,,
1,Spice Merchant,1,Box,Potato Sweet,Product corrected from '1bx Sweet Potato' to 'Potato Sweet',05/11/2025,,,
---------------------------------,,,,,,05/11/2025,,,
1,Spice Merchant,1,Bag,Cabbage,,05/11/2025,,,
1,Spice Merchant,12,Box,Orange,,05/11/2025,,,
1,Spice Merchant,5,Box,Lemon,,05/11/2025,,,
1,Spice Merchant,0.5,Box,Coriander,,05/11/2025,,,
1,Spice Merchant,6,Bag,Onion,,05/11/2025,,,
1,Spice Merchant,5,Box,Cucumber,,05/11/2025,,,
1,Spice Merchant,3,Bag,Aubargine,,05/11/2025,,,
1,Spice Merchant,1,Box,Tomato,,05/11/2025,,,
1,Spice Merchant,5,Kilogram,Carrot,,05/11/2025,,,
1,Spice Merchant,2,Kilogram,Courgettes,,05/11/2025,,,
1,Spice Merchant,12,piece,Apple red,Product corrected from '12piece Red Pepper' to 'Apple red',05/11/2025,,,
1,Spice Merchant,2,Piece,Pepper Red,Product corrected from '2p Red Pepper' to 'Pepper Red',05/11/2025,,,
1,Spice Merchant,12,Piece,Pepper Red,Product corrected from '12p Red Pepper' to 'Pepper Red',05/11/2025,,,
1,Spice Merchant,12,piece,Apple red,Product corrected from '12piece Red Pepper' to 'Apple red',05/11/2025,,,
1,Spice Merchant,12,Box,Onion,,05/11/2025,,,
-----------,,,,,,05/11/2025,,,
1,Spice Merchant,12,Box,Onion,,05/11/2025,,,
-----------------,,,,,,05/11/2025,,,
,,,,,,05/11/2025,,,
1,Spice Merchant,12,Box,Onion,,05/11/2025,,,
1,Spice Merchant,5,Piece,Onion,,05/11/2025,,,
1,Spice Merchant,5,Piece,Onion,,05/11/2025,,,
----------------,,,,,,05/11/2025,,,
,,,,,,05/11/2025,,,
1,Spice Merchant,5,Piece,onion spring,,05/11/2025,,,
-------------------------,,,,,,05/11/2025,,,
1,Spice Merchant,1,Box,Cabbage,,05/11/2025,,,
---------------------,,,,,,05/11/2025,,,
,,,,,,05/11/2025,,,
1,Spice Merchant,1,Bag,Cabbage,,05/11/2025,,,
1,Spice Merchant,12,Box,Orange,,05/11/2025,,,
1,Spice Merchant,0.5,Box,Coriander,,05/11/2025,,,
1,Spice Merchant,5,Box,Cucumber,,05/11/2025,,,
1,Spice Merchant,3,Bag,Aubargine,Product corrected from '3bg Aubergine' to 'Aubargine',05/11/2025,,,
1,Spice Merchant,1,Box,Tomato,,05/11/2025,,,
1,Spice Merchant,2,Bag,Mushroom Button,Product corrected from '2bg Mushroom' to 'Mushroom Button',05/11/2025,,,
1,Spice Merchant,5,Kilogram,Carrot,,05/11/2025,,,
1,Spice Merchant,2,Kilogram,Courgettes,,05/11/2025,,,
---------------,,,,,,05/11/2025,,,
1,Spice Merchant,4,Bag,Onion,,05/11/2025,,,
1,Spice Merchant,1,Box,Kadu/Jaali Box NO 306 Kadu/Jaali Pieces NO 307 Kadu/Jaali Kg NO 308 Kai Choi,Product corrected from '1 box Potato' to 'Kadu/Jaali Box NO 306 Kadu/Jaali Pieces NO 307 Kadu/Jaali Kg NO 308 Kai Choi',05/11/2025,,,
1,Spice Merchant,1,Box,Tomato,,05/11/2025,,,
1,Spice Merchant,4,Box,Mushroom Cup,Product corrected from '4box Mushroom Cups' to 'Mushroom Cup',05/11/2025,,,
1,Spice Merchant,1,Box,Mix Salad,,05/11/2025,,,
1,Spice Merchant,1.5,Box,Cos lettuce,Product corrected from '1.5bx Lettuce' to 'Cos lettuce',05/11/2025,,,
1,Spice Merchant,4,Box,Aubargine,Product corrected from '4box Brinjol' to 'Aubargine',05/11/2025,,,
1,Spice Merchant,6,Bag,flour,,05/11/2025,,,
1,Spice Merchant,1,Bag,Cabbage,,05/11/2025,,,
1,Spice Merchant,1,Box,Ginger,Product corrected from '1bx Container Cling' to 'Ginger',05/11/2025,,,
1,Spice Merchant,10,Piece,Lime,,05/11/2025,,,
1,Spice Merchant,1,Box,Mix Pieces NO 437 Mix Kg NO 438 mix flour,Product corrected from '1bx Mix Pepper' to 'Mix Pieces NO 437 Mix Kg NO 438 mix flour',05/11/2025,,,
1,Spice Merchant,0.5,Box,Carrot,,05/11/2025,,,
1,Spice Merchant,1,Kilogram,Green Bullet Chilli,Product corrected from '1kg Bullet Chilli' to 'Green Bullet Chilli',05/11/2025,,,
1,Spice Merchant,40,Box,Lemon,,05/11/2025,,,
1,Spice Merchant,1,Box,Pear,Product corrected from '1bx Genzar' to 'Pear',05/11/2025,,,
1,Spice Merchant,0.5,Box,Onion,,05/11/2025,,,
1,Spice Merchant,3,Box,Garlic,,05/11/2025,,,
-----------,,,,,,05/11/2025,,,
1,Spice Merchant,12,Box,Pepper Green,,05/11/2025,,,
1,Spice Merchant,10,Piece,Pepper Red,Product corrected from '10p Red Pepper' to 'Pepper Red',05/11/2025,,,
1,Spice Merchant,10,Piece,Onion Spring,,05/11/2025,,,
1,Spice Merchant,1,Box,Kadu/Jaali Box NO 306 Kadu/Jaali Pieces NO 307 Kadu/Jaali Kg NO 308 Kai Choi,Product corrected from '1 box Potato' to 'Kadu/Jaali Box NO 306 Kadu/Jaali Pieces NO 307 Kadu/Jaali Kg NO 308 Kai Choi',05/11/2025,,,
1,Spice Merchant,1,Box,Potato White,Product corrected from '1 box Potato' to 'Potato White',05/11/2025,,,
--------------,,,,,,05/11/2025,,,
1,Spice Merchant,3,Bag,Onion,,05/11/2025,,,
1,Spice Merchant,1,Box,Tomato,,05/11/2025,,,
1,Spice Merchant,1,Bag,Coriander,Product corrected from '1bg Donia' to 'Coriander',05/11/2025,,,
1,Spice Merchant,1,Bag,Potato White,Product corrected from '1bg Potato' to 'Potato White',05/11/2025,,,
1,Spice Merchant,4,Bag,Onion,,05/11/2025,,,
1,Spice Merchant,1,Box,Potato White,Product corrected from '1 box Potato' to 'Potato White',05/11/2025,,,
1,Spice Merchant,1,Box,Tomato,,05/11/2025,,,
1,Spice Merchant,4,Box,Mushroom Cup,,05/11/2025,,,
1,Spice Merchant,1,Box,Mix Salad,,05/11/2025,,,
1,Spice Merchant,1.5,Box,Cos lettuce,Product corrected from '1.5bx Lettuce' to 'Cos lettuce',05/11/2025,,,
1,Spice Merchant,4,Box,Aubargine,Product corrected from '4box Brinjol' to 'Aubargine',05/11/2025,,,
1,Spice Merchant,6,Bag,flour,,05/11/2025,,,
1,Spice Merchant,1,Bag,Cabbage,,05/11/2025,,,
1,Spice Merchant,1,Box,Ginger,Product corrected from '1bx Cling Container' to 'Ginger',05/11/2025,,,
1,Spice Merchant,10,piece,Lime,,05/11/2025,,,
1,Spice Merchant,2,Box,Yogurt,,05/11/2025,,,
1,Spice Merchant,1,Box,Mix Pieces NO 437 Mix Kg NO 438 mix flour,Product corrected from '1bx Pepper Mix' to 'Mix Pieces NO 437 Mix Kg NO 438 mix flour',05/11/2025,,,
1,Spice Merchant,0.5,Box,Carrot,,05/11/2025,,,
1,Spice Merchant,1,Kilogram,Green Bullet Chilli,Product corrected from '1kg Bullet Chilli' to 'Green Bullet Chilli',05/11/2025,,,
1,Spice Merchant,40,Box,Lemon,,05/11/2025,,,
1,Spice Merchant,1,Box,Pear,Product corrected from '1bx Genzar' to 'Pear',05/11/2025,,,
1,Spice Merchant,0.5,Box,Spinach,,05/11/2025,,,
1,Spice Merchant,3,Box,Garlic,,05/11/2025,,,
------------------------------------,,,,,,05/11/2025,,,
1,Spice Merchant,1,Box,Mix Pieces NO 437 Mix Kg NO 438 mix flour,Product corrected from '1bx Mix Pepper' to 'Mix Pieces NO 437 Mix Kg NO 438 mix flour',05/11/2025,,,
-------------,,,,,,05/11/2025,,,
1,Spice Merchant,1,Box,Mix Pieces NO 437 Mix Kg NO 438 mix flour,Product corrected from '1bx Mix Pepper' to 'Mix Pieces NO 437 Mix Kg NO 438 mix flour',05/11/2025,,,
----------------,,,,,,05/11/2025,,,
1,Spice Merchant,1,Box,Paper(mix cap),Product corrected from '1bx Mix Pepper' to 'Paper(mix cap)',05/11/2025,,,
--------------------,,,,,,05/11/2025,,,
1,Spice Merchant,7,Box,Mango Pakistani,,05/11/2025,,,
1,Spice Merchant,3,Bag,Baby Corn,,05/11/2025,,,
1,Spice Merchant,9,Box,Ginger,,05/11/2025,,,
1,Spice Merchant,2,Box,Kebab,,05/11/2025,,,
1,Spice Merchant,5,Box,Cauliflower Baby,,05/11/2025,,,
1,Spice Merchant,8,Box,Banana Leaf,,05/11/2025,,,
1,Spice Merchant,4,Box,Coriander,,05/11/2025,,,
1,Spice Merchant,6,Box,Duck,,05/11/2025,,,
1,Spice Merchant,2,Box,Blackberry,,05/11/2025,,,
1,Spice Merchant,10,Bag,Carrot Net,,05/11/2025,,,
1,Spice Merchant,3,Box,Chapati,,05/11/2025,,,
1,Spice Merchant,5,Box,Lotus Root,,05/11/2025,,,
1,Spice Merchant,8,Box,Banana,,05/11/2025,,,
1,Spice Merchant,4,Box,Egg Large,,05/11/2025,,,
1,Spice Merchant,9,Box,Grapes white,,05/11/2025,,,
1,Spice Merchant,3,Box,Medjool,,05/11/2025,,,
1,Spice Merchant,6,Bag,Cabbage Red,,05/11/2025,,,
1,Spice Merchant,2,Box,Drum Stick,,05/11/2025,,,
1,Spice Merchant,5,Kilogram,Amla,,05/11/2025,,,
1,Spice Merchant,8,Box,Mr Naga,,05/11/2025,,,
1,Spice Merchant,4,Box,Guava,,05/11/2025,,,
1,Spice Merchant,2,Bag,leek,,05/11/2025,,,
1,Spice Merchant,6,Box,Baby Jam,,05/11/2025,,,
1,Spice Merchant,3,Box,Almond powder,,05/11/2025,,,
1,Spice Merchant,7,Bag,Brocoli,Product corrected from '7bg Broccoli' to 'Brocoli',05/11/2025,,,
1,Spice Merchant,4,Box,Mango Chaunsa,,05/11/2025,,,
1,Spice Merchant,10,Box,Garlic Peeled,,05/11/2025,,,
1,Spice Merchant,3,Bag,Aubargine,Product corrected from '3bg Aubergine' to 'Aubargine',05/11/2025,,,
1,Spice Merchant,8,Box,Kiwi,,05/11/2025,,,
1,Spice Merchant,5,Kilogram,Beetroot cooked,,05/11/2025,,,
1,Spice Merchant,2,Box,Bindi,,05/11/2025,,,
1,Spice Merchant,9,Box,Mushroom Button,,05/11/2025,,,
1,Spice Merchant,7,Bag,Avacado,Product corrected from '7 bg Avocado' to 'Avacado',05/11/2025,,,
1,Spice Merchant,7,Bag,Avacado,Product corrected from '7bg Avocado' to 'Avacado',05/11/2025,,,
----------------------------,,,,,,05/11/2025,,,
1,Spice Merchant,7,Box,Mango Pakistani,,05/11/2025,,,
1,Spice Merchant,3,Bag,Baby Corn,,05/11/2025,,,
1,Spice Merchant,9,Box,Ginger,,05/11/2025,,,
1,Spice Merchant,2,Kilogram,Kebab,,05/11/2025,,,
1,Spice Merchant,5,Box,Cauliflower Baby,,05/11/2025,,,
1,Spice Merchant,8,Box,Banana Leaf,,05/11/2025,,,
1,Spice Merchant,4,Box,Coriander,,05/11/2025,,,
1,Spice Merchant,6,Box,Duck,,05/11/2025,,,
1,Spice Merchant,2,Box,Blackberry,,05/11/2025,,,
1,Spice Merchant,10,Bag,Carrot Net,,05/11/2025,,,
1,Spice Merchant,3,Bag,Chapati,,05/11/2025,,,
1,Spice Merchant,7,Bag,Avacado,Product corrected from '7bg Avocado' to 'Avacado',06/11/2025,,,
1,Spice Merchant,5,Box,Lotus Root,,06/11/2025,,,
1,Spice Merchant,8,Box,Banana,,06/11/2025,,,
1,Spice Merchant,4,Box,Egg Large,,06/11/2025,,,
1,Spice Merchant,9,Box,Grapes white,,06/11/2025,,,
1,Spice Merchant,3,Box,Medjool,,06/11/2025,,,
1,Spice Merchant,6,Bag,Cabbage Red,,06/11/2025,,,
1,Spice Merchant,2,Box,Drum Stick,,06/11/2025,,,
1,Spice Merchant,5,Kilogram,Amla,,06/11/2025,,,
1,Spice Merchant,8,Box,Mr Naga,,06/11/2025,,,
1,Spice Merchant,4,Box,Guava,,06/11/2025,,,
1,Spice Merchant,2,Bag,leek,,06/11/2025,,,
1,Spice Merchant,6,Box,Baby Jam,,06/11/2025,,,
1,Spice Merchant,3,Box,Almond powder,,06/11/2025,,,
1,Spice Merchant,7,Bag,Brocoli,Product corrected from '7bg Broccoli' to 'Brocoli',06/11/2025,,,
1,Spice Merchant,4,Box,Mango Chaunsa,,06/11/2025,,,
1,Spice Merchant,10,Box,Garlic Peeled,,06/11/2025,,,
1,Spice Merchant,3,Bag,Aubargine,Product corrected from '3bg Aubergine' to 'Aubargine',06/11/2025,,,
1,Spice Merchant,8,Box,Kiwi,,06/11/2025,,,
1,Spice Merchant,5,Kilogram,Beetroot cooked,,06/11/2025,,,
1,Spice Merchant,2,Bag,Bindi,,06/11/2025,,,
1,Spice Merchant,9,Box,Mushroom Button,,06/11/2025,,,
--------------------------,,,,,,06/11/2025,,,
1,Spice Merchant,7,Box,Mint Leaf,,06/11/2025,,,
-------,,,,,,06/11/2025,,,
1,Spice Merchant,2,Bag,Bindi,,06/11/2025,,,
1,Spice Merchant,9,Box,chopped tomato,,06/11/2025,,,
------------------------,,,,,,06/11/2025,,,
1,Spice Merchant,7,Box,Mango Pakistani,,06/11/2025,,,
1,Spice Merchant,9,Kilogram,Ginger,,06/11/2025,,,
1,Spice Merchant,2,Box,Kebab,,06/11/2025,,,
1,Spice Merchant,5,Box,Cauliflower Baby,,06/11/2025,,,
1,Spice Merchant,4,Bag,Coriander,,06/11/2025,,,
1,Spice Merchant,6,Bag,Duck,,06/11/2025,,,
1,Spice Merchant,2,Box,Blackberry,,06/11/2025,,,
1,Spice Merchant,10,Bag,Carrot Net,,06/11/2025,,,
1,Spice Merchant,7,Box,Avacado,Product corrected from '7bx Avocado' to 'Avacado',06/11/2025,,,
1,Spice Merchant,5,Kilogram,Lotus Root,,06/11/2025,,,
1,Spice Merchant,8,Kilogram,Banana,,06/11/2025,,,
1,Spice Merchant,4,Box,Egg Large,,06/11/2025,,,
1,Spice Merchant,9,Box,Grapes white,,06/11/2025,,,
1,Spice Merchant,3,Box,Medjool,,06/11/2025,,,
1,Spice Merchant,6,Kilogram,Cabbage Red,,06/11/2025,,,
1,Spice Merchant,2,Kilogram,Drum Stick,,06/11/2025,,,
1,Spice Merchant,5,Kilogram,Amla,,07/11/2025,,,
1,Spice Merchant,8,Box,Mr Naga,,07/11/2025,,,
1,Spice Merchant,4,Kilogram,Guava,,07/11/2025,,,
1,Spice Merchant,9,Box,chopped tomato,,07/11/2025,,,
1,Spice Merchant,2,Bag,leek,,07/11/2025,,,
1,Spice Merchant,6,Box,Baby Jam,,07/11/2025,,,
1,Spice Merchant,3,Kilogram,Almond powder,,07/11/2025,,,
1,Spice Merchant,7,Box,Brocoli,Product corrected from '7bx Broccoli' to 'Brocoli',07/11/2025,,,
1,Spice Merchant,4,Box,Mango Chaunsa,,07/11/2025,,,
1,Spice Merchant,10,Bag,Garlic Peeled,,07/11/2025,,,
1,Spice Merchant,3,Box,Aubargine,Product corrected from '3bx Aubergine' to 'Aubargine',07/11/2025,,,
1,Spice Merchant,8,Box,Kiwi,,07/11/2025,,,
1,Spice Merchant,5,Box,Beetroot cooked,,07/11/2025,,,
1,Spice Merchant,2,Box,Bindi,,07/11/2025,,,
1,Spice Merchant,9,Box,Mushroom Button,,07/11/2025,,,
1,Spice Merchant,4,Bag,Onion,,07/11/2025,,,
1,Spice Merchant,6,Bag,Potato White,Product corrected from '6bg Potato' to 'Potato White',07/11/2025,,,
---------------------------,,,,,,07/11/2025,,,
1,Spice Merchant,7,Box,Mango Pakistani,,07/11/2025,,,
1,Spice Merchant,3,Pieces,Baby Corn,,07/11/2025,,,
1,Spice Merchant,9,Kilogram,Ginger,,07/11/2025,,,
1,Spice Merchant,2,Box,Kebab,,07/11/2025,,,
1,Spice Merchant,5,Box,Cauliflower Baby,,07/11/2025,,,
1,Spice Merchant,8,Pieces,Banana Leaf,,07/11/2025,,,
1,Spice Merchant,4,Bag,Coriander,,07/11/2025,,,
1,Spice Merchant,2,Box,Blackberry,,07/11/2025,,,
1,Spice Merchant,10,Bag,Carrot Net,,07/11/2025,,,
1,Spice Merchant,3,Pieces,Chapati,,07/11/2025,,,
1,Spice Merchant,7,Box,Avacado,,07/11/2025,,,
1,Spice Merchant,5,Kilogram,Lotus Root,,07/11/2025,,,
1,Spice Merchant,8,Kilogram,Banana,,07/11/2025,,,
1,Spice Merchant,4,Box,Egg Large,,07/11/2025,,,
1,Spice Merchant,9,Box,Grapes white,,07/11/2025,,,
1,Spice Merchant,3,Box,Medjool,,07/11/2025,,,
1,Spice Merchant,6,Kilogram,Cabbage Red,,07/11/2025,,,
1,Spice Merchant,2,Kilogram,Drum Stick,,07/11/2025,,,
1,Spice Merchant,5,Kilogram,Amla,,07/11/2025,,,
1,Spice Merchant,8,Box,Mr Naga,,07/11/2025,,,
1,Spice Merchant,4,Kilogram,Guava,,07/11/2025,,,
1,Spice Merchant,9,Box,chopped tomato,,07/11/2025,,,
1,Spice Merchant,2,Bag,leek,,07/11/2025,,,
1,Spice Merchant,6,Box,Baby Jam,,07/11/2025,,,
1,Spice Merchant,3,Kilogram,Almond powder,,07/11/2025,,,
1,Spice Merchant,7,Box,Brocoli,,07/11/2025,,,
1,Spice Merchant,4,Box,Mango Chaunsa,,07/11/2025,,,
1,Spice Merchant,10,Bag,Garlic Peeled,,07/11/2025,,,
1,Spice Merchant,3,Box,Aubargine,Product corrected from '3bx Aubergine' to 'Aubargine',07/11/2025,,,
1,Spice Merchant,8,Box,Kiwi,,07/11/2025,,,
1,Spice Merchant,5,Box,Beetroot cooked,,07/11/2025,,,
1,Spice Merchant,2,Box,Bindi,,07/11/2025,,,
1,Spice Merchant,9,Box,Mushroom Button,,07/11/2025,,,
1,Spice Merchant,4,Bag,Onion,,07/11/2025,,,
1,Spice Merchant,6,Bag,Potato White,Product corrected from '6bg Potato' to 'Potato White',07/11/2025,,,
1,Spice Merchant,6,Box,Duck,,07/11/2025,,,
--------------------------------------,,,,,,07/11/2025,,,
2,My Test Restaurant,7,Box,Mango Pakistani,,07/11/2025,,,
2,My Test Restaurant,3,Pieces,Baby Corn,,07/11/2025,,,
2,My Test Restaurant,9,Kilogram,Ginger,,07/11/2025,,,
2,My Test Restaurant,2,Box,Kebab,,07/11/2025,,,
2,My Test Restaurant,5,Box,Cauliflower Baby,,07/11/2025,,,
2,My Test Restaurant,8,Pieces,Banana Leaf,,07/11/2025,,,
2,My Test Restaurant,4,Bag,Coriander,,07/11/2025,,,
2,My Test Restaurant,2,Box,Blackberry,,07/11/2025,,,
2,My Test Restaurant,10,Bag,Carrot Net,,07/11/2025,,,
2,My Test Restaurant,3,Pieces,Chapati,,07/11/2025,,,
2,My Test Restaurant,7,Box,Avocado,,07/11/2025,,,
2,My Test Restaurant,5,Kilogram,Lotus Root,,07/11/2025,,,
2,My Test Restaurant,8,Kilogram,Banana,,07/11/2025,,,
2,My Test Restaurant,4,Box,Egg Large,,07/11/2025,,,
2,My Test Restaurant,9,Box,Grapes white,,07/11/2025,,,
2,My Test Restaurant,3,Box,Medjool,,07/11/2025,,,
2,My Test Restaurant,6,Kilogram,Cabbage Red,,07/11/2025,,,
2,My Test Restaurant,2,Kilogram,Drum Stick,,07/11/2025,,,
2,My Test Restaurant,5,Kilogram,Amla,,07/11/2025,,,
2,My Test Restaurant,8,Box,Mr Naga,,07/11/2025,,,
2,My Test Restaurant,4,Kilogram,Guava,,07/11/2025,,,
2,My Test Restaurant,9,Box,chopped tomato,,07/11/2025,,,
2,My Test Restaurant,2,Bag,leek,,07/11/2025,,,
2,My Test Restaurant,6,Box,Baby Jam,,07/11/2025,,,
2,My Test Restaurant,3,Kilogram,Almond powder,,07/11/2025,,,
2,My Test Restaurant,7,Box,Brocoli,,07/11/2025,,,
2,My Test Restaurant,4,Box,Mango Chaunsa,,07/11/2025,,,
2,My Test Restaurant,10,Bag,Garlic Peeled,,07/11/2025,,,
2,My Test Restaurant,3,Box,Aubargine,,07/11/2025,,,
2,My Test Restaurant,8,Box,Kiwi,,07/11/2025,,,
2,My Test Restaurant,5,Box,Beetroot cooked,,07/11/2025,,,
2,My Test Restaurant,2,Box,Bindi,,07/11/2025,,,
2,My Test Restaurant,9,Box,Mushroom Button,,07/11/2025,,,
2,My Test Restaurant,4,Bag,Onion,,07/11/2025,,,
2,My Test Restaurant,6,Bag,Potato White,Product corrected from '6bg Potato' to 'Potato White',07/11/2025,,,
---------------,,,,,,07/11/2025,,,
2,My Test Restaurant,3,Box,Tomato,Product corrected from '3bx Meatpotato' to 'Tomato',07/11/2025,,,
2,My Test Restaurant,2,Box,Coriander,,07/11/2025,,,
2,My Test Restaurant,2,Box,Coriander,Product corrected from '2bx Donia' to 'Coriander',07/11/2025,,,
2,My Test Restaurant,2,Box,Ghee,Product corrected from '2bx Dofohefeeddeqwd' to 'Ghee',07/11/2025,,,
2,My Test Restaurant,2,Box,Coriander,,07/11/2025,,,
999,India,3,Bag,Onion,,07/11/2025,3 onion,,
999,India,1,Box,Tomato,,07/11/2025,1 tom,,
,,,,,,07/11/2025,1 pot,,
,,,,,,,,,
,,,,,,,,,
,Desh,3,Box,Tomato,,07/11/2025,3bx Tomato,,
,Desh,3,Bag,Onion,,07/11/2025,3bg Onion,,
,Desh,1,Box,Aubargine,Product corrected from '1 box Aubergine' to 'Aubargine',07/11/2025,1 box Aubergine,,
,Indiya,1,Box,Tomato,,07/11/2025,1 box Tomato,,
,Indiya,1,Bag,Onion,,07/11/2025,1 bag Onion,,
,Indiya,3,Box,Potato White,Product corrected from '3box Potato' to 'Potato White',07/11/2025,3box Potato,,
,Bombai,3,Bag,Onion,,07/11/2025,3 onion,,
,Bombai,1,Box,Tomato,,07/11/2025,1 Tom,,
,Desh,8,Box,Labu,,07/11/2025,8p Labu,,
,Desh,1,Pieces,Lime,,07/11/2025,1p Lime,,
,Himalaya,3,Bag,Onion,,07/11/2025,3 Onion,,
,Himlaya,1,Bag,Onion,,07/11/2025,1 Onion,,
,Desh,1,Box,Tomato,,07/11/2025,1 Tom,,
,Tandoori,3,Kilogram,Onion,,10/11/2025,3 Onion,,
,Tandoori,1,Box,Tomato,,10/11/2025,1 Tom,,
,Desh,3,Bag,Onion,,10/11/2025,3 Onion,,
,Desh,4,Pieces,Lemon,,10/11/2025,4p Lemon,,
,Desh,1,Box,Coriander,Product corrected from '1bx Donia' to 'Coriander',10/11/2025,1bx Donia,,
,Bombai House,3,Box,Onion,,10/11/2025,3 Onion,,
,Bombai House,1,Box,Tomato,,10/11/2025,1 Tom,,
,Hemla,15,Bag,Onion,,10/11/2025,15 Onion,,
,Desh,3,Bag,3bag Onion,,11/11/2025,3 bag Onion,,
,Desh,1,Box,Tomato,Product corrected from '1bx Tomato' to 'Tomato',11/11/2025,1 box Tomato,,
,TestRestaurant,3,Bag,Onion,Product corrected from '3bg Onion' to 'Onion',11/11/2025,3 onion,,
,TestRestaurant,5,,,Missing unit; Unknown product: 5 xyz,11/11/2025,5 xyz,YES,
,TestRestaurant,2,Box,"""2bx Tomato"" -> ""2bx Tomatoes""","Product corrected from '2bx Tomato' to '""2bx Tomato"" -> ""2bx Tomatoes""'",11/11/2025,2 box tomato,NO,
,Bombai,3,,Onion,Product corrected from '3 Onion' to 'Onion'; Missing unit,11/11/2025,3 Onion,YES,
,Bombai,3,Box,Onion,,11/11/2025,3 Onion,NO,
,TestRestaurant,5,Kilogram,Tomato,,11/11/2025,5 kg tomato,NO,
,Tandoori,3,Bag,Onion,,11/11/2025,3 Onion,NO,
,Indiya,3,Bag,Onion,,11/11/2025,3 Onion,NO,
,Desh,3,Bag,Onion,,11/11/2025,3 Onion,NO,
,Spice hut,3,Box,Onion,,11/11/2025,3 Onion,NO,
,Spice hut,1,Box,Tomato,,11/11/2025,1 Tom,NO,
,Spice hut,2,Box,Coriander,Product corrected from '2 Box Donia' to 'Coriander',11/11/2025,2 Donia,NO,
,Spice hut,3,Bag,Carrot,,11/11/2025,3bg Carrot,NO,
,Spice hut,2,Kilogram,Green Bullet Chilli,Product corrected from '2kg R Chilli' to 'Green Bullet Chilli',11/11/2025,2kg R Chilli,NO,
,Spice Hut,,,,,11/11/2025,,NO,Please cancel the order
